"Chr","Start","End","Ref","Alt","Caller","Normal_ref","Normal_alt","Tumor_ref","Tumor_alt","Func.refGene","Gene.refGene","ExonicFunc.refGene","AAChange.refGene","SIFT_pred","Polyphen2_HVAR_pred","sample_id","patient_id","mutation"
"chr1",13342929,13342929,"C","G","mutect,shimmer,speedseq",296.333333333333,0,243.666666666667,18.3333333333333,"exonic","PRAMEF14","nonsynonymous SNV","PRAMEF14:NM_001024661:exon4:c.G1024C:p.A342P","T","P","AS3N_AS3T","AS3","chr1 13342929 C G"
"chr1",154551479,154551479,"G","T","mutect,shimmer,speedseq",154,0,106.333333333333,19.3333333333333,"exonic","UBE2Q1","nonsynonymous SNV","UBE2Q1:NM_017582:exon11:c.C1088A:p.A363D","D","D","AS3N_AS3T","AS3","chr1 154551479 G T"
"chr1",159808246,159808246,"G","A","mutect,shimmer,speedseq",246,0,198.333333333333,24,"exonic","FCRL6","nonsynonymous SNV","FCRL6:NM_001004310:exon3:c.G121A:p.G41R,FCRL6:NM_001284217:exon4:c.G142A:p.G48R","T","D","AS3N_AS3T","AS3","chr1 159808246 G A"
"chr1",202963727,202963727,"C","G","mutect,shimmer,speedseq",209.666666666667,0,162,18,"exonic","CYB5R1","nonsynonymous SNV","CYB5R1:NM_016243:exon7:c.G560C:p.G187A","D","D","AS3N_AS3T","AS3","chr1 202963727 C G"
"chr10",7731938,7731938,"C","T","mutect,speedseq",120.5,0,89,6,"exonic","ITIH2","nonsynonymous SNV","ITIH2:NM_002216:exon13:c.C1589T:p.A530V","D","D","AS3N_AS3T","AS3","chr10 7731938 C T"
"chr10",89403394,89403395,"AG","A","speedseq,strelka",95.5,0,62,4,"exonic","IFIT1","frameshift substitution","IFIT1:NM_001548:exon2:c.1119_1120A,IFIT1:NM_001270927:exon3:c.1119_1120A,IFIT1:NM_001270928:exon3:c.1026_1027A,IFIT1:NM_001270929:exon3:c.1026_1027A,IFIT1:NM_001270930:exon3:c.1026_1027A",".",".","AS3N_AS3T","AS3","chr10 89403394 AG A"
"chr11",119420247,119420247,"C","CT","speedseq,strelka",426.5,0,346,61.5,"exonic","THY1","frameshift substitution","THY1:NM_001311160:exon3:c.177delinsAG,THY1:NM_001311162:exon3:c.177delinsAG,THY1:NM_006288:exon3:c.177delinsAG",".",".","AS3N_AS3T","AS3","chr11 119420247 C CT"
"chr11",129915695,129915695,"A","C","mutect,shimmer,speedseq",174,0,115,22,"exonic","PRDM10","nonsynonymous SNV","PRDM10:NM_199439:exon12:c.T2233G:p.C745G,PRDM10:NM_199438:exon13:c.T2245G:p.C749G,PRDM10:NM_199437:exon16:c.T2491G:p.C831G,PRDM10:NM_020228:exon17:c.T2503G:p.C835G","T","D","AS3N_AS3T","AS3","chr11 129915695 A C"
"chr11",56989272,56989272,"T","G","mutect,shimmer,speedseq",351.666666666667,0,305.666666666667,36,"exonic","OR5AK2","nonsynonymous SNV","OR5AK2:NM_001005323:exon1:c.T359G:p.V120G","D","P","AS3N_AS3T","AS3","chr11 56989272 T G"
"chr11",64902284,64902284,"G","T","mutect,speedseq",90.5,0,66.5,6.5,"exonic","ATG2A","nonsynonymous SNV","ATG2A:NM_015104:exon28:c.C3880A:p.L1294I","T","P","AS3N_AS3T","AS3","chr11 64902284 G T"
"chr11",67240282,67240282,"G","C","mutect,speedseq",90,0,69.5,9.5,"exonic","KDM2A","nonsynonymous SNV","KDM2A:NM_001256405:exon1:c.G75C:p.R25S","T",".","AS3N_AS3T","AS3","chr11 67240282 G C"
"chr14",100884566,100884566,"G","C","mutect,shimmer,speedseq",181,0,107.333333333333,19,"exonic","RTL1","nonsynonymous SNV","RTL1:NM_001134888:exon1:c.C223G:p.Q75E","D","D","AS3N_AS3T","AS3","chr14 100884566 G C"
"chr19",11023586,11023586,"G","C","mutect,shimmer,speedseq",183.333333333333,0,141.333333333333,30.3333333333333,"exonic","SMARCA4","nonsynonymous SNV","SMARCA4:NM_001128845:exon19:c.G2928C:p.L976F,SMARCA4:NM_001128846:exon19:c.G2928C:p.L976F,SMARCA4:NM_001128847:exon19:c.G2928C:p.L976F,SMARCA4:NM_001128848:exon19:c.G2928C:p.L976F,SMARCA4:NM_001128849:exon20:c.G2928C:p.L976F,SMARCA4:NM_003072:exon20:c.G2928C:p.L976F,SMARCA4:NM_001128844:exon21:c.G2928C:p.L976F","D","D","AS3N_AS3T","AS3","chr19 11023586 G C"
"chr19",1979947,1979947,"G","C","mutect,shimmer,speedseq",159.333333333333,0,132,13,"exonic","CSNK1G2","nonsynonymous SNV","CSNK1G2:NM_001319:exon11:c.G1123C:p.D375H","D","D","AS3N_AS3T","AS3","chr19 1979947 G C"
"chr19",46704354,46704354,"G","A","mutect,shimmer,speedseq",249.333333333333,0,177.666666666667,17.3333333333333,"exonic","PRKD2","nonsynonymous SNV","PRKD2:NM_001079882:exon4:c.C233T:p.P78L,PRKD2:NM_016457:exon5:c.C704T:p.P235L,PRKD2:NM_001079880:exon6:c.C704T:p.P235L,PRKD2:NM_001079881:exon6:c.C704T:p.P235L","D","B","AS3N_AS3T","AS3","chr19 46704354 G A"
"chr19",56525320,56525320,"G","A","mutect,speedseq",126.5,0,79,8.5,"exonic","ZNF471","nonsynonymous SNV","ZNF471:NM_001321768:exon4:c.G1031A:p.R344H,ZNF471:NM_020813:exon5:c.G1253A:p.R418H","D","B","AS3N_AS3T","AS3","chr19 56525320 G A"
"chr2",167251875,167251875,"G","C","mutect,shimmer,speedseq",190.333333333333,0.666666666666667,183,15.6666666666667,"exonic","XIRP2","nonsynonymous SNV","XIRP2:NM_001199144:exon7:c.G9817C:p.G3273R,XIRP2:NM_152381:exon9:c.G10483C:p.G3495R","D","D","AS3N_AS3T","AS3","chr2 167251875 G C"
"chr2",169188102,169188102,"G","A","mutect,shimmer,speedseq",276.333333333333,1,232.666666666667,26.3333333333333,"exonic","LRP2","nonsynonymous SNV","LRP2:NM_004525:exon49:c.C9196T:p.H3066Y","T","D","AS3N_AS3T","AS3","chr2 169188102 G A"
"chr2",21029644,21029644,"C","T","mutect,shimmer,speedseq",241.333333333333,0,193.333333333333,23.3333333333333,"exonic","APOB","nonsynonymous SNV","APOB:NM_000384:exon12:c.G1612A:p.D538N","D","D","AS3N_AS3T","AS3","chr2 21029644 C T"
"chr2",238325867,238325867,"C","T","mutect,speedseq",168,0,137,11,"exonic","TRAF3IP1","nonsynonymous SNV","TRAF3IP1:NM_001139490:exon3:c.C251T:p.S84L,TRAF3IP1:NM_015650:exon3:c.C251T:p.S84L","T","P","AS3N_AS3T","AS3","chr2 238325867 C T"
"chr22",29489609,29489615,"AAGGAAG","A","speedseq,varscan",341.5,1,232,105,"exonic","NEFH","nonframeshift substitution","NEFH:NM_021076:exon4:c.1969_1975A",".",".","AS3N_AS3T","AS3","chr22 29489609 AAGGAAG A"
"chr22",30346338,30346341,"TCTG","T","speedseq,strelka",140,2,119,8,"exonic","SF3A1","nonframeshift substitution","SF3A1:NM_005877:exon3:c.364_367A",".",".","AS3N_AS3T","AS3","chr22 30346338 TCTG T"
"chr3",11342233,11342233,"T","C","mutect,shimmer,speedseq",126.333333333333,0,92.3333333333333,16.3333333333333,"exonic","ATG7","nonsynonymous SNV","ATG7:NM_001144912:exon10:c.T962C:p.L321P,ATG7:NM_001349236:exon10:c.T962C:p.L321P,ATG7:NM_001349238:exon10:c.T146C:p.L49P,ATG7:NM_001136031:exon11:c.T1079C:p.L360P,ATG7:NM_001349237:exon11:c.T1079C:p.L360P,ATG7:NM_006395:exon11:c.T1079C:p.L360P,ATG7:NM_001349233:exon12:c.T1079C:p.L360P,ATG7:NM_001349234:exon12:c.T1079C:p.L360P,ATG7:NM_001349235:exon12:c.T1079C:p.L360P,ATG7:NM_001349232:exon13:c.T1079C:p.L360P","D","D","AS3N_AS3T","AS3","chr3 11342233 T C"
"chr3",183809150,183809150,"C","G","mutect,shimmer,speedseq",131.333333333333,0.666666666666667,94.3333333333333,15.6666666666667,"exonic","YEATS2","stopgain","YEATS2:NM_001351369:exon30:c.C4140G:p.Y1380X,YEATS2:NM_001351370:exon30:c.C4143G:p.Y1381X,YEATS2:NM_018023:exon30:c.C4140G:p.Y1380X","T",".","AS3N_AS3T","AS3","chr3 183809150 C G"
"chr5",141371907,141371907,"G","A","mutect,shimmer,speedseq",178.666666666667,0,141.666666666667,17,"exonic","PCDHGB3","nonsynonymous SNV","PCDHGB3:NM_018924:exon1:c.G1513A:p.V505M,PCDHGB3:NM_032097:exon1:c.G1513A:p.V505M",".",".","AS3N_AS3T","AS3","chr5 141371907 G A"
"chr5",180620932,180620932,"C","T","mutect,speedseq",95,0,71.5,8,"exonic","FLT4","nonsynonymous SNV","FLT4:NM_002020:exon15:c.G2243A:p.C748Y,FLT4:NM_182925:exon15:c.G2243A:p.C748Y","D","D","AS3N_AS3T","AS3","chr5 180620932 C T"
"chr6",89380253,89380253,"C","T","mutect,shimmer,speedseq",186,0,159.333333333333,19.6666666666667,"exonic","RRAGD","nonsynonymous SNV","RRAGD:NM_021244:exon3:c.G559A:p.D187N","D","P","AS3N_AS3T","AS3","chr6 89380253 C T"
"chr7",114629860,114629863,"TGCA","T","speedseq,strelka",82.5,0,72.5,5,"exonic","FOXP2","nonframeshift substitution","FOXP2:NM_148899:exon4:c.452_455T,FOXP2:NM_001172766:exon5:c.452_455T,FOXP2:NM_001172767:exon5:c.527_530T,FOXP2:NM_014491:exon5:c.452_455T,FOXP2:NM_148898:exon6:c.527_530T,FOXP2:NM_148900:exon6:c.503_506T",".",".","AS3N_AS3T","AS3","chr7 114629860 TGCA T"
"chr7",130498137,130498137,"A","C","mutect,shimmer,speedseq",251.666666666667,0.666666666666667,177,19,"splicing","MEST",".",".",".",".","AS3N_AS3T","AS3","chr7 130498137 A C"
"chr7",155071240,155071240,"G","A","mutect,shimmer,speedseq",184.666666666667,1,144,23.6666666666667,"exonic","HTR5A","nonsynonymous SNV","HTR5A:NM_024012:exon1:c.G341A:p.C114Y","D","D","AS3N_AS3T","AS3","chr7 155071240 G A"
"chr9",132900714,132900714,"C","T","mutect,shimmer,speedseq",192,0,108.666666666667,23.6666666666667,"splicing","TSC1",".",".",".",".","AS3N_AS3T","AS3","chr9 132900714 C T"
"chrX",24364312,24364312,"C","G","mutect,shimmer,speedseq,varscan",21,0,12.25,11.75,"exonic","SUPT20HL1","nonsynonymous SNV","SUPT20HL1:NM_001136234:exon1:c.C1552G:p.P518A",".",".","AS3N_AS3T","AS3","chrX 24364312 C G"
