"","sample1","sample2","sample4","sample13","sample14","sample15","sample16","sample17","sample6","sample9","sample10","sample11","sample12"
"AMPD2",1,1,0,0,0,0,0,0,0,0,0,0,0
"PRAMEF10",1,1,0,0,0,0,0,0,0,0,0,0,0
"ZNF436",1,0,0,0,0,0,0,0,0,0,0,0,0
"MUC2",1,0,0,0,0,0,0,0,0,0,0,0,0
"ZNF408",1,1,0,0,0,0,0,0,0,0,0,0,0
"MYH7",1,0,0,0,0,0,0,0,0,0,0,0,0
"MIA2",1,1,0,0,0,0,0,0,0,0,0,0,0
"GOLGA6L4",1,1,0,0,0,0,0,0,0,0,0,0,0
"GOT2",1,1,0,0,0,0,0,0,0,0,0,0,0
"PAFAH1B1",1,1,0,0,0,0,0,0,0,0,0,0,0
"NUP85",1,0,0,0,0,0,0,0,0,0,0,0,0
"ZNF737",1,1,0,0,0,0,0,0,0,0,0,0,0
"UBR3",1,1,0,0,0,0,0,0,0,0,0,0,0
"CGREF1",1,1,0,0,0,0,0,0,0,0,0,0,0
"FER1L5",1,0,0,0,0,0,0,0,0,0,0,0,0
"APP",1,1,0,0,0,0,0,0,0,0,0,0,0
"VHL",1,1,1,1,0,0,0,1,0,1,1,0,1
"BAP1",1,0,0,0,0,0,0,0,1,0,0,0,0
"PBRM1",1,0,0,1,0,0,0,1,1,1,1,0,1
"ADAMTS6",1,0,0,0,0,0,0,0,0,0,0,0,0
"GRM8",1,0,0,0,0,0,0,0,0,0,0,0,0
"ESX1",1,1,0,0,0,0,0,0,0,0,0,0,0
"CELSR2",0,1,0,0,0,0,0,0,0,0,0,0,0
"AMPD2",0,0,0,0,0,0,0,0,0,0,0,0,0
"MTOR",0,1,0,0,0,0,0,1,0,0,0,0,0
"PRAMEF10",0,0,0,0,0,0,0,0,0,0,0,0,0
"CELA2B",0,1,0,0,0,0,0,0,0,0,0,0,0
"PIGR",0,1,0,0,0,0,0,0,0,0,0,0,0
"COL8A2",0,1,0,0,0,0,0,0,0,0,0,0,0
"TCP11L1",0,1,0,0,0,0,0,0,0,0,0,0,0
"ZNF408",0,0,0,0,0,0,0,0,0,0,0,0,0
"MUC19",0,2,0,0,0,0,0,0,0,0,0,1,0
"MUC19",0,0,0,0,0,0,0,0,0,0,0,0,0
"RDH16",0,1,0,0,0,0,0,0,0,0,0,0,0
"TMPO",0,1,0,0,0,0,0,0,0,0,0,0,0
"NBEA",0,1,0,0,0,0,0,0,0,0,0,0,0
"SSTR1",0,1,0,0,0,0,0,0,0,0,0,0,0
"MIA2",0,0,0,0,0,0,0,0,0,0,0,0,0
"GALC",0,1,0,0,0,0,0,0,0,0,0,0,0
"GOLGA6L4",0,0,0,0,0,0,0,0,0,0,0,0,0
"HAPLN3",0,1,0,0,0,0,0,0,0,0,0,0,0
"GOLGA6L1",0,1,0,0,0,0,0,0,0,0,0,0,0
"GOLGA6L22",0,1,0,0,0,0,0,0,0,0,0,0,0
"SLC5A11",0,1,0,0,0,0,0,0,0,0,0,0,0
"GOT2",0,0,0,0,0,0,0,0,0,0,0,0,0
"PAFAH1B1",0,0,0,0,0,0,0,0,0,0,0,0,0
"NUFIP2",0,1,0,0,0,0,0,0,0,0,0,0,0
"HAP1",0,1,0,0,0,0,0,0,0,0,0,0,0
"TAF4B",0,1,0,0,0,0,0,0,0,0,0,0,0
"ZNF737",0,0,0,0,0,0,0,0,0,0,0,0,0
"ZNF208",0,1,0,0,0,0,0,0,0,0,0,0,0
"MUC16",0,1,0,0,0,0,0,0,0,0,0,1,0
"AMER3",0,1,0,0,0,0,0,0,0,0,0,0,0
"UBR3",0,0,0,0,0,0,0,0,0,0,0,0,0
"AOX1",0,1,0,0,0,0,0,0,0,0,0,0,0
"ING5",0,1,0,0,0,0,0,0,0,0,0,0,0
"CGREF1",0,0,0,0,0,0,0,0,0,0,0,0,0
"ETAA1",0,1,0,0,0,0,0,0,0,0,0,0,0
"RALGAPA2",0,1,0,0,0,0,0,0,1,0,0,0,0
"APP",0,0,0,0,0,0,0,0,0,0,0,0,0
"BRWD1",0,1,0,0,0,0,0,0,0,0,0,0,0
"PITPNB",0,1,0,0,0,0,0,0,0,0,0,0,0
"VHL",0,0,0,0,0,0,0,0,0,0,0,0,0
"SSUH2",0,1,0,0,0,0,0,0,0,0,0,0,0
"WDFY3",0,1,0,0,0,0,0,0,0,0,0,0,0
"PCDHGB5",0,1,0,0,0,0,0,0,0,0,0,0,0
"MTMR12",0,1,0,0,0,0,0,0,0,0,0,0,0
"EMB",0,1,0,0,0,0,0,0,0,0,0,0,0
"MAP3K4",0,1,0,0,0,0,0,0,0,0,0,0,0
"KLF14",0,1,0,0,0,0,0,0,0,0,0,0,0
"INTS1",0,1,0,0,0,0,0,0,0,0,0,0,0
"GBX1",0,1,0,0,0,0,0,0,0,0,0,0,0
"LRRCC1",0,1,0,0,0,0,0,0,0,0,0,0,0
"SPATA31C1",0,1,0,0,0,0,0,0,0,0,0,1,0
"ESX1",0,0,0,0,0,0,0,0,0,0,0,0,0
"SMARCA1",0,1,0,0,0,0,0,0,0,0,0,0,0
"METTL18",0,0,1,0,0,0,0,0,0,0,0,0,0
"ALDH4A1",0,0,1,0,0,0,0,0,0,0,0,0,0
"HTR6",0,0,1,0,0,0,0,0,0,0,0,0,0
"EPS15",0,0,1,0,0,0,0,0,0,0,0,0,0
"HTRA1",0,0,1,0,0,0,0,0,0,0,0,0,0
"BAMBI",0,0,1,0,0,0,0,0,0,0,0,0,0
"WAPL",0,0,1,0,0,0,0,0,0,0,0,0,0
"OTOG",0,0,1,0,0,0,0,0,0,0,0,0,0
"UNG",0,0,1,0,0,0,0,0,0,0,0,0,0
"DNAH10",0,0,1,0,0,0,0,0,0,0,0,0,0
"RIMBP2",0,0,1,0,0,0,0,0,0,0,0,0,0
"KRT75",0,0,1,0,0,0,0,0,0,0,0,0,0
"CCDC168",0,0,1,0,0,0,0,0,0,0,0,0,0
"FLT1",0,0,1,0,0,0,0,0,0,0,0,0,0
"GPR180",0,0,1,0,0,0,0,0,0,0,0,0,0
"HSP90AA1",0,0,1,0,0,0,0,0,0,0,0,0,0
"MEIS2",0,0,1,0,0,0,0,0,0,0,0,0,0
"ERCC4",0,0,1,0,0,0,0,0,0,0,0,0,0
"KIF22",0,0,1,0,0,0,0,0,0,0,0,0,0
"CBLN1",0,0,1,0,0,0,0,0,0,0,0,0,0
"SLC6A2",0,0,1,0,0,0,0,0,0,0,0,0,0
"UTP18",0,0,1,0,0,0,0,0,0,0,0,0,0
"VMP1",0,0,1,0,0,0,0,0,0,0,0,0,0
"RAX",0,0,1,0,0,0,0,0,0,0,0,0,0
"ZNF625",0,0,1,0,0,0,0,0,0,0,0,0,0
"ZNF345",0,0,1,0,0,0,0,0,0,0,0,0,0
"SCN7A",0,0,1,0,0,0,0,0,0,0,0,0,0
"CYBRD1",0,0,1,0,0,0,0,0,0,0,0,0,0
"PROKR1",0,0,1,0,0,0,0,0,0,0,0,0,0
"LRRTM1",0,0,1,0,0,0,0,0,0,0,0,0,0
"TRABD2A",0,0,1,0,0,0,0,0,0,0,0,0,0
"COL6A2",0,0,1,0,0,0,0,0,0,0,0,0,0
"ZMAT5",0,0,1,0,0,0,0,0,0,0,0,0,0
"VHL",0,0,0,0,0,0,0,0,0,0,0,0,0
"GSK3B",0,0,1,0,0,0,0,0,0,0,0,0,0
"SATB1",0,0,1,0,0,0,0,0,0,0,0,0,0
"LETM1",0,0,1,0,0,0,0,0,0,0,0,0,0
"SHROOM1",0,0,1,0,0,0,0,0,0,0,0,0,0
"STK10",0,0,1,0,0,0,0,0,0,0,0,0,0
"PCSK1",0,0,1,0,0,0,0,0,0,0,0,0,0
"HIST1H4D",0,0,1,0,0,0,0,0,0,0,0,0,0
"FAM131B",0,0,1,0,0,0,0,0,0,0,0,0,0
"LMTK2",0,0,1,0,0,0,0,0,0,0,0,0,0
"C8orf76",0,0,1,0,0,0,0,0,0,0,0,0,0
"ZHX1-C8orf76",0,0,1,0,0,0,0,0,0,0,0,0,0
"INTS8",0,0,1,0,0,0,0,0,0,0,0,0,0
"MAPK15",0,0,1,0,0,0,0,0,0,0,0,0,0
"NRK",0,0,1,0,0,0,0,0,0,0,0,0,0
"SPANXC",0,0,1,0,0,0,0,0,0,0,0,0,0
"KDM5C",0,0,2,0,0,0,0,0,0,0,0,0,0
"KDM5C",0,0,0,0,0,0,0,0,0,0,0,0,0
"PRDM2",0,0,0,1,0,0,0,0,0,0,0,0,1
"CD1D",0,0,0,1,0,0,0,0,0,0,0,0,1
"DHX9",0,0,0,1,0,0,0,0,0,0,0,0,1
"TATDN3",0,0,0,1,0,0,0,0,0,0,0,0,1
"PLD5",0,0,0,1,0,0,0,0,0,0,0,0,1
"SFPQ",0,0,0,1,0,0,0,0,0,0,0,0,1
"ADGRL2",0,0,0,1,0,0,0,0,0,0,0,0,1
"MUC5AC",0,0,0,1,0,0,0,0,0,0,0,0,1
"FLI1",0,0,0,1,0,0,0,0,0,0,0,0,1
"IGSF22",0,0,0,1,0,0,0,0,0,0,0,0,1
"CKAP5",0,0,0,1,0,0,0,0,0,0,0,0,1
"NPAS4",0,0,0,1,0,0,0,0,0,0,0,0,1
"ADAMTS20",0,0,0,1,0,0,0,0,0,0,0,0,1
"TNS2",0,0,0,1,0,0,0,0,0,0,0,0,1
"A2ML1",0,0,0,1,0,0,0,0,0,0,0,0,1
"PAPLN",0,0,0,1,0,0,0,0,0,0,0,0,1
"ELMSAN1",0,0,0,1,0,0,0,0,0,0,0,0,1
"ATP10A",0,0,0,1,0,0,0,0,0,0,0,0,1
"ZNF770",0,0,0,1,0,0,0,0,0,0,0,0,1
"HS3ST4",0,0,0,1,0,0,0,0,0,0,0,0,1
"BRIP1",0,0,0,1,0,0,0,0,0,0,0,0,1
"MARCH10",0,0,0,1,0,0,0,0,0,0,0,0,1
"PSMA8",0,0,0,1,0,0,0,0,0,0,0,0,1
"ELAVL3",0,0,0,1,0,0,0,0,0,0,0,0,1
"WDR83",0,0,0,1,0,0,0,0,0,0,0,0,1
"ZNF850",0,0,0,1,0,0,0,0,0,0,0,0,1
"FCGBP",0,0,0,1,0,0,0,0,0,0,0,1,1
"ARHGAP15",0,0,0,1,0,0,0,0,0,0,0,0,0
"PXDN",0,0,0,1,0,0,0,0,0,0,0,0,1
"PUM2",0,0,0,1,0,0,0,0,0,0,0,0,1
"FAM161A",0,0,0,1,0,0,0,0,0,0,0,0,1
"ZNFX1",0,0,0,1,0,0,0,0,0,0,0,0,1
"HELZ2",0,0,0,1,0,0,0,0,0,0,0,0,1
"VHL",0,0,0,0,0,0,0,0,0,0,0,0,0
"PBRM1",0,0,0,0,0,0,0,0,0,0,0,0,0
"HCN1",0,0,0,1,0,0,0,0,0,0,0,0,1
"DDX4",0,0,0,1,0,0,0,0,0,0,0,0,1
"MKLN1",0,0,0,1,0,0,0,0,0,0,0,0,1
"STEAP1",0,0,0,1,0,0,0,0,0,0,0,0,1
"TCEAL1",0,0,0,1,0,0,0,0,0,0,0,0,1
"MED12",0,0,0,1,0,0,0,0,0,0,0,0,1
"NLGN3",0,0,0,1,0,0,0,0,0,0,0,0,1
"PHYHIPL",0,0,0,0,1,1,0,0,0,0,0,0,0
"PLCE1",0,0,0,0,1,0,0,0,0,0,0,0,0
"ZBED5",0,0,0,0,1,1,0,0,0,0,0,0,0
"TMPRSS13",0,0,0,0,1,1,0,0,0,0,0,0,0
"KRTAP5-5",0,0,0,0,1,1,0,0,0,0,0,0,0
"SMUG1",0,0,0,0,1,1,0,0,0,0,0,0,0
"SPRY2",0,0,0,0,1,1,0,0,0,0,0,0,0
"CDAN1",0,0,0,0,1,1,0,0,0,0,0,0,0
"CTCF",0,0,0,0,1,1,0,0,0,0,0,0,0
"ELAC2",0,0,0,0,1,1,0,0,0,0,0,0,0
"TP53",0,0,0,0,1,1,0,0,0,0,0,0,0
"NPTX1",0,0,0,0,1,0,0,0,0,0,0,0,0
"SYT3",0,0,0,0,1,1,0,0,0,0,0,0,0
"ZEB2",0,0,0,0,1,1,0,0,0,0,0,0,0
"PIK3CB",0,0,0,0,1,0,0,0,0,0,0,0,0
"ATR",0,0,0,0,1,1,0,0,0,0,0,0,0
"KCNAB1",0,0,0,0,1,1,0,0,0,0,0,0,0
"CHRD",0,0,0,0,1,0,0,0,0,0,0,0,0
"SETD2",0,0,0,0,1,1,0,1,1,0,0,1,0
"QRICH1",0,0,0,0,1,1,0,0,0,0,0,0,0
"SYNPO2",0,0,0,0,1,1,0,0,0,0,0,0,0
"NHSL1",0,0,0,0,1,0,0,1,0,0,0,0,0
"UNCX",0,0,0,0,1,0,0,0,0,0,0,0,0
"TWISTNB",0,0,0,0,1,1,0,0,0,0,0,0,0
"ABCA13",0,0,0,0,1,0,0,0,0,0,0,0,0
"SLC7A2",0,0,0,0,1,1,0,0,0,0,0,0,0
"SLC24A2",0,0,0,0,1,1,0,0,0,0,0,0,0
"SHROOM2",0,0,0,0,1,1,0,0,0,0,0,0,0
"PHYHIPL",0,0,0,0,0,0,0,0,0,0,0,0,0
"ZBED5",0,0,0,0,0,0,0,0,0,0,0,0,0
"TMPRSS13",0,0,0,0,0,0,0,0,0,0,0,0,0
"KRTAP5-5",0,0,0,0,0,0,0,0,0,0,0,0,0
"SMUG1",0,0,0,0,0,0,0,0,0,0,0,0,0
"CFAP54",0,0,0,0,0,1,0,0,0,0,0,0,0
"ARL11",0,0,0,0,0,1,0,0,0,0,0,0,0
"SPRY2",0,0,0,0,0,0,0,0,0,0,0,0,0
"CDAN1",0,0,0,0,0,0,0,0,0,0,0,0,0
"CTCF",0,0,0,0,0,0,0,0,0,0,0,0,0
"MYH2",0,0,0,0,0,1,0,0,0,0,0,0,0
"ELAC2",0,0,0,0,0,0,0,0,0,0,0,0,0
"TP53",0,0,0,0,0,0,0,0,0,0,0,0,0
"EPB41L3",0,0,0,0,0,1,0,0,0,0,0,0,0
"SYT3",0,0,0,0,0,0,0,0,0,0,0,0,0
"NCKAP5",0,0,0,0,0,1,0,0,0,0,0,0,0
"ZEB2",0,0,0,0,0,0,0,0,0,0,0,0,0
"PIWIL3",0,0,0,0,0,1,0,0,0,0,0,0,0
"ALDH1L1",0,0,0,0,0,1,0,0,0,0,0,0,0
"ATR",0,0,0,0,0,0,0,0,0,0,0,0,0
"KCNAB1",0,0,0,0,0,0,0,0,0,0,0,0,0
"SETD2",0,0,0,0,0,0,0,0,0,0,0,0,0
"QRICH1",0,0,0,0,0,0,0,0,0,0,0,0,0
"SYNPO2",0,0,0,0,0,0,0,0,0,0,0,0,0
"SLIT2",0,0,0,0,0,1,0,0,0,0,0,0,0
"TWISTNB",0,0,0,0,0,0,0,0,0,0,0,0,0
"CSMD3",0,0,0,0,0,1,0,0,0,0,0,0,0
"SLC7A2",0,0,0,0,0,0,0,0,0,0,0,0,0
"SLC24A2",0,0,0,0,0,0,0,0,0,0,0,0,0
"SHROOM2",0,0,0,0,0,0,0,0,0,0,0,0,0
"EXO1",0,0,0,0,0,0,1,0,0,0,0,0,0
"MACF1",0,0,0,0,0,0,1,0,0,0,0,0,0
"HFM1",0,0,0,0,0,0,1,0,0,0,0,0,0
"PPRC1",0,0,0,0,0,0,1,0,0,0,0,0,0
"SF3B2",0,0,0,0,0,0,1,0,0,0,0,0,0
"CAMKK2",0,0,0,0,0,0,1,0,0,0,0,0,0
"KERA",0,0,0,0,0,0,1,0,0,0,0,0,0
"NALCN",0,0,0,0,0,0,1,0,0,0,0,0,0
"MGA",0,0,0,0,0,0,1,1,0,0,0,0,0
"UNC45B",0,0,0,0,0,0,1,0,0,0,0,0,0
"KRT26",0,0,0,0,0,0,1,0,0,0,0,0,0
"ASB16",0,0,0,0,0,0,1,0,0,0,0,0,0
"RILP",0,0,0,0,0,0,1,0,0,0,0,0,0
"ANKRD30B",0,0,0,0,0,0,1,0,0,0,0,0,0
"SERPINB12",0,0,0,0,0,0,1,0,0,0,0,0,0
"ECH1",0,0,0,0,0,0,1,0,0,0,0,0,0
"PHLDB3",0,0,0,0,0,0,1,0,0,0,0,0,0
"FBN3",0,0,0,0,0,0,1,0,0,0,0,0,0
"COL6A3",0,0,0,0,0,0,1,0,0,0,0,0,0
"SOS1",0,0,0,0,0,0,1,0,0,0,0,0,0
"SUN5",0,0,0,0,0,0,1,0,0,0,0,0,0
"CEP250",0,0,0,0,0,0,1,0,0,0,0,0,0
"CTCFL",0,0,0,0,0,0,1,0,0,0,0,0,0
"LAMA5",0,0,0,0,0,0,1,0,0,0,0,0,0
"ABHD16B",0,0,0,0,0,0,1,0,0,0,0,1,0
"UMODL1",0,0,0,0,0,0,1,0,0,0,0,0,0
"NR2C2",0,0,0,0,0,0,1,0,0,0,0,0,0
"RFC4",0,0,0,0,0,0,1,0,0,0,0,0,0
"CCDC12",0,0,0,0,0,0,1,0,0,0,0,0,0
"KLHL5",0,0,0,0,0,0,1,0,0,0,0,0,0
"CAMLG",0,0,0,0,0,0,1,0,0,0,0,0,0
"NDFIP1",0,0,0,0,0,0,1,0,0,0,0,0,0
"SLC36A2",0,0,0,0,0,0,1,0,0,0,0,0,0
"NKX2-5",0,0,0,0,0,0,1,0,0,0,0,0,0
"SDHA",0,0,0,0,0,0,1,0,0,0,0,0,0
"PKHD1",0,0,0,0,0,0,1,0,0,0,0,0,0
"CDK14",0,0,0,0,0,0,1,0,0,0,0,0,0
"ODF1",0,0,0,0,0,0,1,0,0,0,0,2,0
"APEX2",0,0,0,0,0,0,1,0,0,0,0,0,0
"MAGEE1",0,0,0,0,0,0,1,0,0,0,0,0,0
"MTOR",0,0,0,0,0,0,0,0,0,0,0,0,0
"LOR",0,0,0,0,0,0,0,1,0,0,0,0,0
"URB2",0,0,0,0,0,0,0,1,0,0,0,0,0
"PTF1A",0,0,0,0,0,0,0,1,0,0,0,0,0
"USP2",0,0,0,0,0,0,0,1,0,0,0,0,0
"MGA",0,0,0,0,0,0,0,0,0,0,0,0,0
"PEAK1",0,0,0,0,0,0,0,1,0,0,0,0,0
"GTF3C1",0,0,0,0,0,0,0,1,0,0,0,0,0
"SERPINF2",0,0,0,0,0,0,0,2,0,0,0,0,0
"KCNH4",0,0,0,0,0,0,0,1,0,0,0,0,0
"GPATCH8",0,0,0,0,0,0,0,1,0,0,0,0,0
"LUC7L3",0,0,0,0,0,0,0,1,0,0,0,0,0
"LLGL2",0,0,0,0,0,0,0,1,0,0,0,0,0
"SERPINF2",0,0,0,0,0,0,0,0,0,0,0,0,0
"VHL",0,0,0,0,0,0,0,0,0,0,0,0,0
"SETD2",0,0,0,0,0,0,0,0,0,0,0,0,0
"PBRM1",0,0,0,0,0,0,0,0,0,0,0,0,0
"RYBP",0,0,0,0,0,0,0,1,0,0,0,0,0
"ZNF717",0,0,0,0,0,0,0,1,0,0,0,0,0
"GABRA2",0,0,0,0,0,0,0,1,0,0,0,0,0
"UBE2B",0,0,0,0,0,0,0,1,0,0,0,0,0
"CANX",0,0,0,0,0,0,0,1,0,0,0,0,0
"NHSL1",0,0,0,0,0,0,0,0,0,0,0,0,0
"EZH2",0,0,0,0,0,0,0,1,0,0,0,0,0
"TTF1",0,0,0,0,0,0,0,1,0,0,0,0,0
"DDX31",0,0,0,0,0,0,0,1,0,0,0,0,0
"TMLHE",0,0,0,0,0,0,0,1,0,0,0,0,0
"CEPT1",0,0,0,0,0,0,0,0,1,0,0,0,0
"WARS2",0,0,0,0,0,0,0,0,1,0,0,0,0
"LYSMD1",0,0,0,0,0,0,0,0,1,0,0,0,0
"LCE1F",0,0,0,0,0,0,0,0,1,0,0,0,0
"POU2F1",0,0,0,0,0,0,0,0,1,0,0,0,0
"ASPM",0,0,0,0,0,0,0,0,1,0,0,1,0
"EXO5",0,0,0,0,0,0,0,0,1,0,0,0,0
"LRRC7",0,0,0,0,0,0,0,0,1,0,0,0,0
"RSU1",0,0,0,0,0,0,0,0,1,0,0,0,0
"GSTP1",0,0,0,0,0,0,0,0,1,0,0,0,0
"GALNT8",0,0,0,0,0,0,0,0,1,0,0,0,0
"PMEL",0,0,0,0,0,0,0,0,1,0,0,0,0
"ZC3H10",0,0,0,0,0,0,0,0,1,0,0,0,0
"NCAPD2",0,0,0,0,0,0,0,0,1,0,0,0,0
"CCDC92",0,0,0,0,0,0,0,0,1,0,0,0,0
"TEX26",0,0,0,0,0,0,0,0,1,0,0,0,0
"CDC42BPB",0,0,0,0,0,0,0,0,1,0,0,0,0
"MARK3",0,0,0,0,0,0,0,0,1,0,0,0,0
"ADCY4",0,0,0,0,0,0,0,0,1,0,0,0,0
"PYGL",0,0,0,0,0,0,0,0,1,0,0,0,0
"TTBK2",0,0,0,0,0,0,0,0,1,0,0,0,0
"GLDN",0,0,0,0,0,0,0,0,1,0,0,0,0
"EFL1",0,0,0,0,0,0,0,0,1,0,0,0,0
"CDK12",0,0,0,0,0,0,0,0,1,0,0,0,0
"ARRB2",0,0,0,0,0,0,0,0,1,0,0,0,0
"KPNB1",0,0,0,0,0,0,0,0,1,0,0,0,0
"GDPD1",0,0,0,0,0,0,0,0,1,0,0,0,0
"DNAH2",0,0,0,0,0,0,0,0,1,0,0,1,0
"KATNAL2",0,0,0,0,0,0,0,0,1,0,0,0,0
"FAM129C",0,0,0,0,0,0,0,0,1,0,0,0,0
"ZNF585A",0,0,0,0,0,0,0,0,1,0,0,0,0
"SAMD4B",0,0,0,0,0,0,0,0,1,0,0,0,0
"ZNF471",0,0,0,0,0,0,0,0,1,0,0,0,0
"ZNF587",0,0,0,0,0,0,0,0,1,0,0,0,0
"RANBP2",0,0,0,0,0,0,0,0,1,0,0,0,0
"TTN",0,0,0,0,0,0,0,0,1,0,0,2,0
"WDR35",0,0,0,0,0,0,0,0,1,0,0,0,0
"NDUFS1",0,0,0,0,0,0,0,0,1,0,0,0,0
"ADAM23",0,0,0,0,0,0,0,0,1,0,0,0,0
"ZNF142",0,0,0,0,0,0,0,0,1,0,0,1,0
"FARP2",0,0,0,0,0,0,0,0,1,0,0,0,0
"PSME4",0,0,0,0,0,0,0,0,1,0,0,0,0
"RALGAPA2",0,0,0,0,0,0,0,0,0,0,0,0,0
"FOXA2",0,0,0,0,0,0,0,0,1,0,0,0,0
"KRTAP10-4",0,0,0,0,0,0,0,0,1,0,0,0,0
"KRTAP10-6",0,0,0,0,0,0,0,0,1,0,0,0,0
"ADARB1",0,0,0,0,0,0,0,0,1,0,0,0,0
"YPEL1",0,0,0,0,0,0,0,0,1,0,0,0,0
"DEPDC5",0,0,0,0,0,0,0,0,1,0,0,0,0
"C22orf23",0,0,0,0,0,0,0,0,1,0,0,0,0
"ABCF3",0,0,0,0,0,0,0,0,1,0,0,0,0
"SETD2",0,0,0,0,0,0,0,0,0,0,0,0,0
"BAP1",0,0,0,0,0,0,0,0,0,0,0,0,0
"PBRM1",0,0,0,0,0,0,0,0,0,0,0,0,0
"CACNA2D3",0,0,0,0,0,0,0,0,1,0,0,0,0
"LRBA",0,0,0,0,0,0,0,0,1,0,0,0,0
"HGFAC",0,0,0,0,0,0,0,0,1,0,0,0,0
"PCDHA6",0,0,0,0,0,0,0,0,1,0,0,0,0
"LARP1",0,0,0,0,0,0,0,0,1,0,0,0,0
"HMGCR",0,0,0,0,0,0,0,0,1,0,0,0,0
"SAMD5",0,0,0,0,0,0,0,0,1,0,0,0,0
"HSPA1L",0,0,0,0,0,0,0,0,3,0,0,0,0
"HSPA1L",0,0,0,0,0,0,0,0,0,0,0,0,0
"HSPA1L",0,0,0,0,0,0,0,0,0,0,0,0,0
"ZCWPW1",0,0,0,0,0,0,0,0,1,0,0,0,0
"ACTR3C",0,0,0,0,0,0,0,0,1,0,0,0,0
"CYP3A7",0,0,0,0,0,0,0,0,1,0,0,0,0
"CYP3A7-CYP3A51P",0,0,0,0,0,0,0,0,1,0,0,0,0
"OXR1",0,0,0,0,0,0,0,0,1,0,0,0,0
"PRKDC",0,0,0,0,0,0,0,0,1,0,0,0,0
"KIAA0368",0,0,0,0,0,0,0,0,1,0,0,0,0
"PTGR1",0,0,0,0,0,0,0,0,1,0,0,0,0
"SPOUT1",0,0,0,0,0,0,0,0,1,0,0,0,0
"PTPA",0,0,0,0,0,0,0,0,1,0,0,0,0
"CCDC183",0,0,0,0,0,0,0,0,1,0,0,0,0
"CD99L2",0,0,0,0,0,0,0,0,1,0,0,0,0
"PHKA2",0,0,0,0,0,0,0,0,1,0,0,0,0
"RPGR",0,0,0,0,0,0,0,0,1,0,0,0,0
"PITHD1",0,0,0,0,0,0,0,0,0,1,1,0,0
"DNAJC11",0,0,0,0,0,0,0,0,0,1,1,0,0
"SLF2",0,0,0,0,0,0,0,0,0,1,1,0,0
"AKR1C4",0,0,0,0,0,0,0,0,0,1,1,0,0
"ATP6V0A2",0,0,0,0,0,0,0,0,0,1,1,0,0
"PACS2",0,0,0,0,0,0,0,0,0,1,1,0,0
"DNAH9",0,0,0,0,0,0,0,0,0,1,1,0,0
"FAM32A",0,0,0,0,0,0,0,0,0,1,0,0,0
"INSL3",0,0,0,0,0,0,0,0,0,1,1,0,0
"MEGF8",0,0,0,0,0,0,0,0,0,1,1,0,0
"MYBPC2",0,0,0,0,0,0,0,0,0,1,1,0,0
"XIRP2",0,0,0,0,0,0,0,0,0,1,1,0,0
"SEPT3",0,0,0,0,0,0,0,0,0,1,1,0,0
"VHL",0,0,0,0,0,0,0,0,0,0,0,0,0
"PBRM1",0,0,0,0,0,0,0,0,0,0,0,0,0
"MUC4",0,0,0,0,0,0,0,0,0,2,2,0,0
"MUC4",0,0,0,0,0,0,0,0,0,0,0,0,0
"SLIT3",0,0,0,0,0,0,0,0,0,1,1,0,0
"PLAGL1",0,0,0,0,0,0,0,0,0,1,1,0,0
"UBR2",0,0,0,0,0,0,0,0,0,1,1,0,0
"DST",0,0,0,0,0,0,0,0,0,1,1,0,0
"KCP",0,0,0,0,0,0,0,0,0,1,1,0,0
"KIF13B",0,0,0,0,0,0,0,0,0,1,1,0,0
"NOTCH1",0,0,0,0,0,0,0,0,0,1,1,0,0
"GPR50",0,0,0,0,0,0,0,0,0,1,1,0,0
"PITHD1",0,0,0,0,0,0,0,0,0,0,0,0,0
"DNAJC11",0,0,0,0,0,0,0,0,0,0,0,0,0
"SLF2",0,0,0,0,0,0,0,0,0,0,0,0,0
"AKR1C4",0,0,0,0,0,0,0,0,0,0,0,0,0
"TBCEL",0,0,0,0,0,0,0,0,0,0,1,0,0
"QSER1",0,0,0,0,0,0,0,0,0,0,1,0,0
"ATP6V0A2",0,0,0,0,0,0,0,0,0,0,0,0,0
"SLC25A3",0,0,0,0,0,0,0,0,0,0,1,0,0
"PACS2",0,0,0,0,0,0,0,0,0,0,0,0,0
"ANPEP",0,0,0,0,0,0,0,0,0,0,1,0,0
"EMC8",0,0,0,0,0,0,0,0,0,0,1,0,0
"DNAH9",0,0,0,0,0,0,0,0,0,0,0,0,0
"LOXHD1",0,0,0,0,0,0,0,0,0,0,1,0,0
"INSL3",0,0,0,0,0,0,0,0,0,0,0,0,0
"MEGF8",0,0,0,0,0,0,0,0,0,0,0,0,0
"MYBPC2",0,0,0,0,0,0,0,0,0,0,0,0,0
"CFAP221",0,0,0,0,0,0,0,0,0,0,1,0,0
"XIRP2",0,0,0,0,0,0,0,0,0,0,0,0,0
"SEPT3",0,0,0,0,0,0,0,0,0,0,0,0,0
"VHL",0,0,0,0,0,0,0,0,0,0,0,0,0
"PBRM1",0,0,0,0,0,0,0,0,0,0,0,0,0
"MUC4",0,0,0,0,0,0,0,0,0,0,0,0,0
"MUC4",0,0,0,0,0,0,0,0,0,0,0,0,0
"CHSY3",0,0,0,0,0,0,0,0,0,0,1,0,0
"SLIT3",0,0,0,0,0,0,0,0,0,0,0,0,0
"PLAGL1",0,0,0,0,0,0,0,0,0,0,0,0,0
"UBR2",0,0,0,0,0,0,0,0,0,0,0,0,0
"DST",0,0,0,0,0,0,0,0,0,0,0,0,0
"BTNL2",0,0,0,0,0,0,0,0,0,0,1,0,0
"KCP",0,0,0,0,0,0,0,0,0,0,0,0,0
"KIF13B",0,0,0,0,0,0,0,0,0,0,0,0,0
"MCPH1",0,0,0,0,0,0,0,0,0,0,2,0,0
"MCPH1",0,0,0,0,0,0,0,0,0,0,0,0,0
"NOTCH1",0,0,0,0,0,0,0,0,0,0,0,0,0
"GPR50",0,0,0,0,0,0,0,0,0,0,0,0,0
"DBT",0,0,0,0,0,0,0,0,0,0,0,1,0
"LAMTOR5",0,0,0,0,0,0,0,0,0,0,0,1,0
"MAGI3",0,0,0,0,0,0,0,0,0,0,0,1,0
"FAM231D",0,0,0,0,0,0,0,0,0,0,0,1,0
"LOC100996741",0,0,0,0,0,0,0,0,0,0,0,1,0
"NUDT17",0,0,0,0,0,0,0,0,0,0,0,2,0
"NUDT17",0,0,0,0,0,0,0,0,0,0,0,0,0
"ITGA10",0,0,0,0,0,0,0,0,0,0,0,1,0
"PDE4DIP",0,0,0,0,0,0,0,0,0,0,0,1,0
"HIST2H2AA3",0,0,0,0,0,0,0,0,0,0,0,1,0
"HIST2H2AA4",0,0,0,0,0,0,0,0,0,0,0,1,0
"TMOD4",0,0,0,0,0,0,0,0,0,0,0,1,0
"FLG",0,0,0,0,0,0,0,0,0,0,0,1,0
"UBE2Q1",0,0,0,0,0,0,0,0,0,0,0,1,0
"ADAM15",0,0,0,0,0,0,0,0,0,0,0,1,0
"HSPA6",0,0,0,0,0,0,0,0,0,0,0,1,0
"MIB2",0,0,0,0,0,0,0,0,0,0,0,1,0
"F5",0,0,0,0,0,0,0,0,0,0,0,1,0
"ASPM",0,0,0,0,0,0,0,0,0,0,0,0,0
"IGFN1",0,0,0,0,0,0,0,0,0,0,0,2,0
"IGFN1",0,0,0,0,0,0,0,0,0,0,0,0,0
"DSTYK",0,0,0,0,0,0,0,0,0,0,0,1,0
"MAPKAPK2",0,0,0,0,0,0,0,0,0,0,0,1,0
"C4BPA",0,0,0,0,0,0,0,0,0,0,0,1,0
"NBPF3",0,0,0,0,0,0,0,0,0,0,0,1,0
"EPHA8",0,0,0,0,0,0,0,0,0,0,0,1,0
"GUK1",0,0,0,0,0,0,0,0,0,0,0,1,0
"CCSAP",0,0,0,0,0,0,0,0,0,0,0,1,0
"GNPAT",0,0,0,0,0,0,0,0,0,0,0,1,0
"SIPA1L2",0,0,0,0,0,0,0,0,0,0,0,1,0
"FMN2",0,0,0,0,0,0,0,0,0,0,0,1,0
"MYOM3",0,0,0,0,0,0,0,0,0,0,0,1,0
"PHACTR4",0,0,0,0,0,0,0,0,0,0,0,1,0
"C1orf228",0,0,0,0,0,0,0,0,0,0,0,1,0
"AKR1A1",0,0,0,0,0,0,0,0,0,0,0,1,0
"POMGNT1",0,0,0,0,0,0,0,0,0,0,0,1,0
"DMRTA2",0,0,0,0,0,0,0,0,0,0,0,1,0
"MRPL37",0,0,0,0,0,0,0,0,0,0,0,1,0
"PLEKHG5",0,0,0,0,0,0,0,0,0,0,0,1,0
"USP33",0,0,0,0,0,0,0,0,0,0,0,1,0
"COL24A1",0,0,0,0,0,0,0,0,0,0,0,1,0
"KIF26B",0,0,0,0,0,0,0,0,0,0,0,2,0
"KIF26B",0,0,0,0,0,0,0,0,0,0,0,0,0
"OR2T6",0,0,0,0,0,0,0,0,0,0,0,3,0
"OR2T6",0,0,0,0,0,0,0,0,0,0,0,0,0
"OR2T6",0,0,0,0,0,0,0,0,0,0,0,0,0
"BLOC1S2",0,0,0,0,0,0,0,0,0,0,0,1,0
"TDRD1",0,0,0,0,0,0,0,0,0,0,0,1,0
"DMBT1",0,0,0,0,0,0,0,0,0,0,0,2,0
"DMBT1",0,0,0,0,0,0,0,0,0,0,0,0,0
"ADAM8",0,0,0,0,0,0,0,0,0,0,0,1,0
"FRMD4A",0,0,0,0,0,0,0,0,0,0,0,1,0
"MAPK8",0,0,0,0,0,0,0,0,0,0,0,1,0
"AKR1C1",0,0,0,0,0,0,0,0,0,0,0,1,0
"JMJD1C",0,0,0,0,0,0,0,0,0,0,0,1,0
"TET1",0,0,0,0,0,0,0,0,0,0,0,1,0
"HKDC1",0,0,0,0,0,0,0,0,0,0,0,1,0
"KIF20B",0,0,0,0,0,0,0,0,0,0,0,1,0
"BTAF1",0,0,0,0,0,0,0,0,0,0,0,1,0
"CC2D2B",0,0,0,0,0,0,0,0,0,0,0,1,0
"HTR3B",0,0,0,0,0,0,0,0,0,0,0,1,0
"IFT46",0,0,0,0,0,0,0,0,0,0,0,1,0
"PHLDB1",0,0,0,0,0,0,0,0,0,0,0,1,0
"SLC37A4",0,0,0,0,0,0,0,0,0,0,0,1,0
"NLRX1",0,0,0,0,0,0,0,0,0,0,0,1,0
"IGSF9B",0,0,0,0,0,0,0,0,0,0,0,1,0
"OR5M1",0,0,0,0,0,0,0,0,0,0,0,1,0
"TRIM22",0,0,0,0,0,0,0,0,0,0,0,1,0
"RTN3",0,0,0,0,0,0,0,0,0,0,0,1,0
"FLRT1",0,0,0,0,0,0,0,0,0,0,0,1,0
"FOSL1",0,0,0,0,0,0,0,0,0,0,0,1,0
"DCHS1",0,0,0,0,0,0,0,0,0,0,0,1,0
"CHKA",0,0,0,0,0,0,0,0,0,0,0,1,0
"LRP5",0,0,0,0,0,0,0,0,0,0,0,1,0
"OR10A5",0,0,0,0,0,0,0,0,0,0,0,1,0
"ARHGEF17",0,0,0,0,0,0,0,0,0,0,0,1,0
"CYB5R2",0,0,0,0,0,0,0,0,0,0,0,1,0
"USP35",0,0,0,0,0,0,0,0,0,0,0,1,0
"PCF11",0,0,0,0,0,0,0,0,0,0,0,1,0
"OR8U9",0,0,0,0,0,0,0,0,0,0,0,1,0
"OR9G9",0,0,0,0,0,0,0,0,0,0,0,2,0
"OR9G9",0,0,0,0,0,0,0,0,0,0,0,0,0
"SLC22A18",0,0,0,0,0,0,0,0,0,0,0,1,0
"KRTAP5-3",0,0,0,0,0,0,0,0,0,0,0,1,0
"TCP11L2",0,0,0,0,0,0,0,0,0,0,0,1,0
"NOS1",0,0,0,0,0,0,0,0,0,0,0,1,0
"KSR2",0,0,0,0,0,0,0,0,0,0,0,1,0
"CAPZA3",0,0,0,0,0,0,0,0,0,0,0,1,0
"MUC19",0,0,0,0,0,0,0,0,0,0,0,0,0
"FAIM2",0,0,0,0,0,0,0,0,0,0,0,1,0
"FAM186A",0,0,0,0,0,0,0,0,0,0,0,1,0
"KRT77",0,0,0,0,0,0,0,0,0,0,0,1,0
"ITGA7",0,0,0,0,0,0,0,0,0,0,0,1,0
"NACA",0,0,0,0,0,0,0,0,0,0,0,1,0
"LRP1",0,0,0,0,0,0,0,0,0,0,0,1,0
"FRS2",0,0,0,0,0,0,0,0,0,0,0,1,0
"CD163L1",0,0,0,0,0,0,0,0,0,0,0,1,0
"CEP290",0,0,0,0,0,0,0,0,0,0,0,1,0
"PZP",0,0,0,0,0,0,0,0,0,0,0,1,0
"TAS2R31",0,0,0,0,0,0,0,0,0,0,0,2,0
"TAS2R31",0,0,0,0,0,0,0,0,0,0,0,0,0
"COL4A2",0,0,0,0,0,0,0,0,0,0,0,1,0
"NAXD",0,0,0,0,0,0,0,0,0,0,0,1,0
"ING1",0,0,0,0,0,0,0,0,0,0,0,1,0
"POSTN",0,0,0,0,0,0,0,0,0,0,0,1,0
"NHLRC3",0,0,0,0,0,0,0,0,0,0,0,2,0
"NHLRC3",0,0,0,0,0,0,0,0,0,0,0,0,0
"BORA",0,0,0,0,0,0,0,0,0,0,0,1,0
"ABCC4",0,0,0,0,0,0,0,0,0,0,0,1,0
"UGGT2",0,0,0,0,0,0,0,0,0,0,0,1,0
"ZIC5",0,0,0,0,0,0,0,0,0,0,0,1,0
"BEGAIN",0,0,0,0,0,0,0,0,0,0,0,1,0
"ZNF839",0,0,0,0,0,0,0,0,0,0,0,1,0
"AHNAK2",0,0,0,0,0,0,0,0,0,0,0,1,0
"REC8",0,0,0,0,0,0,0,0,0,0,0,1,0
"NIN",0,0,0,0,0,0,0,0,0,0,0,1,0
"FERMT2",0,0,0,0,0,0,0,0,0,0,0,1,0
"ARID4A",0,0,0,0,0,0,0,0,0,0,0,2,0
"ARID4A",0,0,0,0,0,0,0,0,0,0,0,0,0
"PCNX4",0,0,0,0,0,0,0,0,0,0,0,1,0
"YLPM1",0,0,0,0,0,0,0,0,0,0,0,1,0
"KCNK10",0,0,0,0,0,0,0,0,0,0,0,1,0
"SERPINA10",0,0,0,0,0,0,0,0,0,0,0,1,0
"OR4F4",0,0,0,0,0,0,0,0,0,0,0,1,0
"NIPA2",0,0,0,0,0,0,0,0,0,0,0,1,0
"GOLGA8B",0,0,0,0,0,0,0,0,0,0,0,1,0
"DISP2",0,0,0,0,0,0,0,0,0,0,0,1,0
"BCL2L10",0,0,0,0,0,0,0,0,0,0,0,1,0
"NTRK3",0,0,0,0,0,0,0,0,0,0,0,1,0
"AP3S2",0,0,0,0,0,0,0,0,0,0,0,1,0
"C15orf38-AP3S2",0,0,0,0,0,0,0,0,0,0,0,1,0
"TEKT5",0,0,0,0,0,0,0,0,0,0,0,1,0
"SOCS1",0,0,0,0,0,0,0,0,0,0,0,1,0
"PRM3",0,0,0,0,0,0,0,0,0,0,0,1,0
"CACNA1H",0,0,0,0,0,0,0,0,0,0,0,1,0
"CCDC154",0,0,0,0,0,0,0,0,0,0,0,1,0
"ACSM2A",0,0,0,0,0,0,0,0,0,0,0,1,0
"ACSM2B",0,0,0,0,0,0,0,0,0,0,0,1,0
"PKD1",0,0,0,0,0,0,0,0,0,0,0,1,0
"PDZD9",0,0,0,0,0,0,0,0,0,0,0,1,0
"ECI1",0,0,0,0,0,0,0,0,0,0,0,1,0
"SCNN1B",0,0,0,0,0,0,0,0,0,0,0,1,0
"NLRC3",0,0,0,0,0,0,0,0,0,0,0,1,0
"TMEM8A",0,0,0,0,0,0,0,0,0,0,0,1,0
"CHD9",0,0,0,0,0,0,0,0,0,0,0,1,0
"AKTIP",0,0,0,0,0,0,0,0,0,0,0,1,0
"CDH5",0,0,0,0,0,0,0,0,0,0,0,1,0
"CES2",0,0,0,0,0,0,0,0,0,0,0,1,0
"PDPR",0,0,0,0,0,0,0,0,0,0,0,1,0
"HYDIN",0,0,0,0,0,0,0,0,0,0,0,1,0
"PKD1L3",0,0,0,0,0,0,0,0,0,0,0,1,0
"ZNF469",0,0,0,0,0,0,0,0,0,0,0,1,0
"CPNE7",0,0,0,0,0,0,0,0,0,0,0,1,0
"CES5A",0,0,0,0,0,0,0,0,0,0,0,1,0
"HS3ST6",0,0,0,0,0,0,0,0,0,0,0,1,0
"MYO1C",0,0,0,0,0,0,0,0,0,0,0,1,0
"MYBBP1A",0,0,0,0,0,0,0,0,0,0,0,1,0
"NLRP1",0,0,0,0,0,0,0,0,0,0,0,1,0
"TLK2",0,0,0,0,0,0,0,0,0,0,0,1,0
"FADS6",0,0,0,0,0,0,0,0,0,0,0,1,0
"CD68",0,0,0,0,0,0,0,0,0,0,0,1,0
"SHBG",0,0,0,0,0,0,0,0,0,0,0,1,0
"DNAH2",0,0,0,0,0,0,0,0,0,0,0,0,0
"CEP131",0,0,0,0,0,0,0,0,0,0,0,1,0
"FASN",0,0,0,0,0,0,0,0,0,0,0,1,0
"CCDC57",0,0,0,0,0,0,0,0,0,0,0,1,0
"PIK3R6",0,0,0,0,0,0,0,0,0,0,0,1,0
"KANSL1",0,0,0,0,0,0,0,0,0,0,0,1,0
"KRT12",0,0,0,0,0,0,0,0,0,0,0,1,0
"CISD3",0,0,0,0,0,0,0,0,0,0,0,1,0
"CCL4",0,0,0,0,0,0,0,0,0,0,0,1,0
"TIMM22",0,0,0,0,0,0,0,0,0,0,0,1,0
"C18orf25",0,0,0,0,0,0,0,0,0,0,0,1,0
"MBD2",0,0,0,0,0,0,0,0,0,0,0,1,0
"NARS",0,0,0,0,0,0,0,0,0,0,0,1,0
"ADNP2",0,0,0,0,0,0,0,0,0,0,0,2,0
"ADNP2",0,0,0,0,0,0,0,0,0,0,0,0,0
"ATG4D",0,0,0,0,0,0,0,0,0,0,0,1,0
"KANK2",0,0,0,0,0,0,0,0,0,0,0,1,0
"SWSAP1",0,0,0,0,0,0,0,0,0,0,0,1,0
"GNG14",0,0,0,0,0,0,0,0,0,0,0,1,0
"NUDT19",0,0,0,0,0,0,0,0,0,0,0,1,0
"PDCD2L",0,0,0,0,0,0,0,0,0,0,0,1,0
"WDR62",0,0,0,0,0,0,0,0,0,0,0,1,0
"FCGBP",0,0,0,0,0,0,0,0,0,0,0,0,0
"TMEM145",0,0,0,0,0,0,0,0,0,0,0,1,0
"CD177",0,0,0,0,0,0,0,0,0,0,0,1,0
"ZNF404",0,0,0,0,0,0,0,0,0,0,0,1,0
"BHMG1",0,0,0,0,0,0,0,0,0,0,0,1,0
"NOVA2",0,0,0,0,0,0,0,0,0,0,0,1,0
"UHRF1",0,0,0,0,0,0,0,0,0,0,0,1,0
"CTU1",0,0,0,0,0,0,0,0,0,0,0,1,0
"ZNF528",0,0,0,0,0,0,0,0,0,0,0,1,0
"PTPRS",0,0,0,0,0,0,0,0,0,0,0,1,0
"ZNF579",0,0,0,0,0,0,0,0,0,0,0,1,0
"SAFB2",0,0,0,0,0,0,0,0,0,0,0,1,0
"ZNF416",0,0,0,0,0,0,0,0,0,0,0,1,0
"ZSCAN4",0,0,0,0,0,0,0,0,0,0,0,1,0
"MUC16",0,0,0,0,0,0,0,0,0,0,0,0,0
"ZNF676",0,0,0,0,0,0,0,0,0,0,0,1,0
"GREB1",0,0,0,0,0,0,0,0,0,0,0,1,0
"MARCO",0,0,0,0,0,0,0,0,0,0,0,1,0
"WDR33",0,0,0,0,0,0,0,0,0,0,0,1,0
"IFIH1",0,0,0,0,0,0,0,0,0,0,0,1,0
"KCNH7",0,0,0,0,0,0,0,0,0,0,0,1,0
"TTN",0,0,0,0,0,0,0,0,0,0,0,0,0
"TTN",0,0,0,0,0,0,0,0,0,0,0,0,0
"ANKAR",0,0,0,0,0,0,0,0,0,0,0,1,0
"PIKFYVE",0,0,0,0,0,0,0,0,0,0,0,1,0
"ACADL",0,0,0,0,0,0,0,0,0,0,0,1,0
"LANCL1",0,0,0,0,0,0,0,0,0,0,0,1,0
"FN1",0,0,0,0,0,0,0,0,0,0,0,1,0
"ZNF142",0,0,0,0,0,0,0,0,0,0,0,0,0
"CCDC140",0,0,0,0,0,0,0,0,0,0,0,1,0
"CHRND",0,0,0,0,0,0,0,0,0,0,0,1,0
"CROCC2",0,0,0,0,0,0,0,0,0,0,0,1,0
"DNMT3A",0,0,0,0,0,0,0,0,0,0,0,1,0
"VIT",0,0,0,0,0,0,0,0,0,0,0,1,0
"PLEKHH2",0,0,0,0,0,0,0,0,0,0,0,1,0
"ERLEC1",0,0,0,0,0,0,0,0,0,0,0,1,0
"ALMS1",0,0,0,0,0,0,0,0,0,0,0,1,0
"NAT8",0,0,0,0,0,0,0,0,0,0,0,1,0
"DQX1",0,0,0,0,0,0,0,0,0,0,0,1,0
"KCMF1",0,0,0,0,0,0,0,0,0,0,0,1,0
"AFF3",0,0,0,0,0,0,0,0,0,0,0,1,0
"TRAPPC12",0,0,0,0,0,0,0,0,0,0,0,1,0
"ZCCHC3",0,0,0,0,0,0,0,0,0,0,0,2,0
"ZCCHC3",0,0,0,0,0,0,0,0,0,0,0,0,0
"ZBP1",0,0,0,0,0,0,0,0,0,0,0,1,0
"STX16",0,0,0,0,0,0,0,0,0,0,0,1,0
"CDH26",0,0,0,0,0,0,0,0,0,0,0,1,0
"ABHD16B",0,0,0,0,0,0,0,0,0,0,0,0,0
"TPTE",0,0,0,0,0,0,0,0,0,0,0,2,0
"TPTE",0,0,0,0,0,0,0,0,0,0,0,0,0
"SEZ6L",0,0,0,0,0,0,0,0,0,0,0,1,0
"APOL4",0,0,0,0,0,0,0,0,0,0,0,1,0
"TAB1",0,0,0,0,0,0,0,0,0,0,0,1,0
"MCAT",0,0,0,0,0,0,0,0,0,0,0,1,0
"EFCAB6",0,0,0,0,0,0,0,0,0,0,0,1,0
"RIBC2",0,0,0,0,0,0,0,0,0,0,0,1,0
"TCF20",0,0,0,0,0,0,0,0,0,0,0,1,0
"NEPRO",0,0,0,0,0,0,0,0,0,0,0,2,0
"NEPRO",0,0,0,0,0,0,0,0,0,0,0,0,0
"SEMA5B",0,0,0,0,0,0,0,0,0,0,0,1,0
"CAND2",0,0,0,0,0,0,0,0,0,0,0,1,0
"MBD4",0,0,0,0,0,0,0,0,0,0,0,1,0
"C3orf36",0,0,0,0,0,0,0,0,0,0,0,1,0
"ZIC1",0,0,0,0,0,0,0,0,0,0,0,1,0
"FGD5",0,0,0,0,0,0,0,0,0,0,0,1,0
"LPP",0,0,0,0,0,0,0,0,0,0,0,1,0
"TRANK1",0,0,0,0,0,0,0,0,0,0,0,1,0
"NKTR",0,0,0,0,0,0,0,0,0,0,0,1,0
"ZNF197",0,0,0,0,0,0,0,0,0,0,0,1,0
"ZNF660-ZNF197",0,0,0,0,0,0,0,0,0,0,0,1,0
"SETD2",0,0,0,0,0,0,0,0,0,0,0,0,0
"UBA7",0,0,0,0,0,0,0,0,0,0,0,1,0
"FRG2C",0,0,0,0,0,0,0,0,0,0,0,1,0
"GABRR3",0,0,0,0,0,0,0,0,0,0,0,1,0
"CLDND1",0,0,0,0,0,0,0,0,0,0,0,1,0
"NDST4",0,0,0,0,0,0,0,0,0,0,0,1,0
"SCOC",0,0,0,0,0,0,0,0,0,0,0,1,0
"NKX1-1",0,0,0,0,0,0,0,0,0,0,0,1,0
"TENM3",0,0,0,0,0,0,0,0,0,0,0,1,0
"FAM114A1",0,0,0,0,0,0,0,0,0,0,0,1,0
"FRYL",0,0,0,0,0,0,0,0,0,0,0,1,0
"DGKQ",0,0,0,0,0,0,0,0,0,0,0,1,0
"PAM",0,0,0,0,0,0,0,0,0,0,0,1,0
"KDM3B",0,0,0,0,0,0,0,0,0,0,0,1,0
"SRA1",0,0,0,0,0,0,0,0,0,0,0,1,0
"ARAP3",0,0,0,0,0,0,0,0,0,0,0,1,0
"SLC36A1",0,0,0,0,0,0,0,0,0,0,0,1,0
"HAVCR1",0,0,0,0,0,0,0,0,0,0,0,1,0
"THOC3",0,0,0,0,0,0,0,0,0,0,0,1,0
"FAM153B",0,0,0,0,0,0,0,0,0,0,0,1,0
"ERBIN",0,0,0,0,0,0,0,0,0,0,0,1,0
"GFM2",0,0,0,0,0,0,0,0,0,0,0,1,0
"MSH3",0,0,0,0,0,0,0,0,0,0,0,1,0
"ADGRV1",0,0,0,0,0,0,0,0,0,0,0,1,0
"TMEM14B",0,0,0,0,0,0,0,0,0,0,0,1,0
"MCM9",0,0,0,0,0,0,0,0,0,0,0,1,0
"PLG",0,0,0,0,0,0,0,0,0,0,0,1,0
"SOX4",0,0,0,0,0,0,0,0,0,0,0,1,0
"POM121L2",0,0,0,0,0,0,0,0,0,0,0,1,0
"MDGA1",0,0,0,0,0,0,0,0,0,0,0,1,0
"DNAH8",0,0,0,0,0,0,0,0,0,0,0,1,0
"EFHC1",0,0,0,0,0,0,0,0,0,0,0,1,0
"LOC441155",0,0,0,0,0,0,0,0,0,0,0,2,0
"LOC441155",0,0,0,0,0,0,0,0,0,0,0,0,0
"SKIV2L",0,0,0,0,0,0,0,0,0,0,0,3,0
"SKIV2L",0,0,0,0,0,0,0,0,0,0,0,0,0
"SKIV2L",0,0,0,0,0,0,0,0,0,0,0,0,0
"CUTA",0,0,0,0,0,0,0,0,0,0,0,1,0
"FAM120B",0,0,0,0,0,0,0,0,0,0,0,3,0
"FAM120B",0,0,0,0,0,0,0,0,0,0,0,0,0
"FAM120B",0,0,0,0,0,0,0,0,0,0,0,0,0
"HYAL4",0,0,0,0,0,0,0,0,0,0,0,1,0
"MICALL2",0,0,0,0,0,0,0,0,0,0,0,1,0
"TCAF1",0,0,0,0,0,0,0,0,0,0,0,1,0
"NOS3",0,0,0,0,0,0,0,0,0,0,0,1,0
"ABCF2",0,0,0,0,0,0,0,0,0,0,0,1,0
"HDAC9",0,0,0,0,0,0,0,0,0,0,0,1,0
"STEAP1B",0,0,0,0,0,0,0,0,0,0,0,1,0
"SCRN1",0,0,0,0,0,0,0,0,0,0,0,1,0
"SDK1",0,0,0,0,0,0,0,0,0,0,0,1,0
"CFAP69",0,0,0,0,0,0,0,0,0,0,0,1,0
"MGAM",0,0,0,0,0,0,0,0,0,0,0,2,0
"MGAM",0,0,0,0,0,0,0,0,0,0,0,0,0
"SPAG1",0,0,0,0,0,0,0,0,0,0,0,1,0
"ODF1",0,0,0,0,0,0,0,0,0,0,0,0,0
"ODF1",0,0,0,0,0,0,0,0,0,0,0,0,0
"RP1L1",0,0,0,0,0,0,0,0,0,0,0,1,0
"FDFT1",0,0,0,0,0,0,0,0,0,0,0,1,0
"SAMD12",0,0,0,0,0,0,0,0,0,0,0,1,0
"ZHX1",0,0,0,0,0,0,0,0,0,0,0,1,0
"GRINA",0,0,0,0,0,0,0,0,0,0,0,1,0
"ADCK5",0,0,0,0,0,0,0,0,0,0,0,1,0
"CPSF1",0,0,0,0,0,0,0,0,0,0,0,1,0
"C8orf58",0,0,0,0,0,0,0,0,0,0,0,1,0
"ADAM2",0,0,0,0,0,0,0,0,0,0,0,2,0
"PXDNL",0,0,0,0,0,0,0,0,0,0,0,1,0
"PRR23D1",0,0,0,0,0,0,0,0,0,0,0,3,0
"PRR23D2",0,0,0,0,0,0,0,0,0,0,0,3,0
"PRR23D1",0,0,0,0,0,0,0,0,0,0,0,0,0
"PRR23D2",0,0,0,0,0,0,0,0,0,0,0,0,0
"DEFB105A",0,0,0,0,0,0,0,0,0,0,0,1,0
"DEFB105B",0,0,0,0,0,0,0,0,0,0,0,1,0
"PRR23D1",0,0,0,0,0,0,0,0,0,0,0,0,0
"PRR23D2",0,0,0,0,0,0,0,0,0,0,0,0,0
"CCDC166",0,0,0,0,0,0,0,0,0,0,0,1,0
"ADAM2",0,0,0,0,0,0,0,0,0,0,0,0,0
"EPB41L4B",0,0,0,0,0,0,0,0,0,0,0,1,0
"HDHD3",0,0,0,0,0,0,0,0,0,0,0,1,0
"AKNA",0,0,0,0,0,0,0,0,0,0,0,1,0
"PRDM12",0,0,0,0,0,0,0,0,0,0,0,1,0
"BNC2",0,0,0,0,0,0,0,0,0,0,0,1,0
"RRAGA",0,0,0,0,0,0,0,0,0,0,0,1,0
"MLLT3",0,0,0,0,0,0,0,0,0,0,0,1,0
"PRSS3",0,0,0,0,0,0,0,0,0,0,0,1,0
"SPATA31A3",0,0,0,0,0,0,0,0,0,0,0,1,0
"SPATA31C1",0,0,0,0,0,0,0,0,0,0,0,0,0
"CSTF2",0,0,0,0,0,0,0,0,0,0,0,1,0
"HSFX1",0,0,0,0,0,0,0,0,0,0,0,2,0
"HSFX2",0,0,0,0,0,0,0,0,0,0,0,2,0
"HSFX1",0,0,0,0,0,0,0,0,0,0,0,0,0
"HSFX2",0,0,0,0,0,0,0,0,0,0,0,0,0
"SUPT20HL1",0,0,0,0,0,0,0,0,0,0,0,2,0
"SUPT20HL1",0,0,0,0,0,0,0,0,0,0,0,0,0
"RGN",0,0,0,0,0,0,0,0,0,0,0,1,0
"FAM156A",0,0,0,0,0,0,0,0,0,0,0,1,0
"FAM156B",0,0,0,0,0,0,0,0,0,0,0,1,0
"PRDM2",0,0,0,0,0,0,0,0,0,0,0,0,0
"CD1D",0,0,0,0,0,0,0,0,0,0,0,0,0
"DHX9",0,0,0,0,0,0,0,0,0,0,0,0,0
"TATDN3",0,0,0,0,0,0,0,0,0,0,0,0,0
"PLD5",0,0,0,0,0,0,0,0,0,0,0,0,0
"SFPQ",0,0,0,0,0,0,0,0,0,0,0,0,0
"ADGRL2",0,0,0,0,0,0,0,0,0,0,0,0,0
"MUC5AC",0,0,0,0,0,0,0,0,0,0,0,0,0
"FLI1",0,0,0,0,0,0,0,0,0,0,0,0,0
"IGSF22",0,0,0,0,0,0,0,0,0,0,0,0,0
"CKAP5",0,0,0,0,0,0,0,0,0,0,0,0,0
"NPAS4",0,0,0,0,0,0,0,0,0,0,0,0,0
"ADAMTS20",0,0,0,0,0,0,0,0,0,0,0,0,0
"TNS2",0,0,0,0,0,0,0,0,0,0,0,0,0
"A2ML1",0,0,0,0,0,0,0,0,0,0,0,0,0
"PAPLN",0,0,0,0,0,0,0,0,0,0,0,0,0
"ELMSAN1",0,0,0,0,0,0,0,0,0,0,0,0,0
"ATP10A",0,0,0,0,0,0,0,0,0,0,0,0,0
"ZNF770",0,0,0,0,0,0,0,0,0,0,0,0,0
"HS3ST4",0,0,0,0,0,0,0,0,0,0,0,0,0
"BRIP1",0,0,0,0,0,0,0,0,0,0,0,0,0
"MARCH10",0,0,0,0,0,0,0,0,0,0,0,0,0
"PSMA8",0,0,0,0,0,0,0,0,0,0,0,0,0
"ELAVL3",0,0,0,0,0,0,0,0,0,0,0,0,0
"WDR83",0,0,0,0,0,0,0,0,0,0,0,0,0
"ZNF850",0,0,0,0,0,0,0,0,0,0,0,0,0
"FCGBP",0,0,0,0,0,0,0,0,0,0,0,0,0
"PXDN",0,0,0,0,0,0,0,0,0,0,0,0,0
"PUM2",0,0,0,0,0,0,0,0,0,0,0,0,0
"FAM161A",0,0,0,0,0,0,0,0,0,0,0,0,0
"ZNFX1",0,0,0,0,0,0,0,0,0,0,0,0,0
"HELZ2",0,0,0,0,0,0,0,0,0,0,0,0,0
"VHL",0,0,0,0,0,0,0,0,0,0,0,0,0
"PBRM1",0,0,0,0,0,0,0,0,0,0,0,0,0
"HCN1",0,0,0,0,0,0,0,0,0,0,0,0,0
"DDX4",0,0,0,0,0,0,0,0,0,0,0,0,0
"MKLN1",0,0,0,0,0,0,0,0,0,0,0,0,0
"STEAP1",0,0,0,0,0,0,0,0,0,0,0,0,0
"TCEAL1",0,0,0,0,0,0,0,0,0,0,0,0,0
"MED12",0,0,0,0,0,0,0,0,0,0,0,0,0
"NLGN3",0,0,0,0,0,0,0,0,0,0,0,0,0
